category,subcategory,url,title
Java,官网教程,https://www.hyperplasma.top/article/13111/,Java
Java,官网教程,https://www.hyperplasma.top/article/8389/,Spring Boot
Java,官网教程,https://www.hyperplasma.top/article/8673/,Spring Cloud
Java,官网教程,https://www.hyperplasma.top/article/8569/,Spring Data Redis
Java,官网教程,https://www.hyperplasma.top/article/12880/,Spring AI
Java,官网教程,https://www.hyperplasma.top/article/1495/,MyBatis
Java,官网教程,https://www.hyperplasma.top/article/1369/,MyBatis-Plus
Java,官网教程,https://www.hyperplasma.top/article/11793/,Nacos
Java,官网教程,https://www.hyperplasma.top/article/11775/,Sentinel
Java,官网教程,https://www.hyperplasma.top/article/11767/,RocketMQ
Java,官网教程,https://www.hyperplasma.top/article/11816/,Elasticsearch
Java,官网教程,https://www.hyperplasma.top/article/12236/,Lombok
Java,官网教程,https://www.hyperplasma.top/article/73/,Hutool
Java,官网教程,https://www.hyperplasma.top/article/1213/,Knife4j
Java,官网教程,https://www.hyperplasma.top/article/12762/,MapDB
Java,官网教程,https://www.hyperplasma.top/article/11322/,JavaFX
Java,原理篇,https://www.hyperplasma.top/article/12365/,设计模式
Java,原理篇,https://www.hyperplasma.top/article/9621/,UltiSol
Java,原理篇,https://www.hyperplasma.top/article/1206/,JavaSE
Java,原理篇,https://www.hyperplasma.top/article/1534/,多线程
Java,原理篇,https://www.hyperplasma.top/article/1603/,JVM
Java,原理篇,https://www.hyperplasma.top/article/1305/,MySQL高级
Java,原理篇,https://www.hyperplasma.top/article/1648/,SSM
Java,原理篇,https://www.hyperplasma.top/article/12928/,微服务
Java,原理篇,https://www.hyperplasma.top/article/12952/,Redis高级
Java,原理篇,https://www.hyperplasma.top/article/13203/,消息中间件
Golang,官网教程,https://www.hyperplasma.top/article/9643/,Gin
Golang,官网教程,https://www.hyperplasma.top/article/11381/,GORM
Nodejs,官网教程,https://www.hyperplasma.top/article/404/,HTML
Nodejs,官网教程,https://www.hyperplasma.top/article/1178/,CSS
Nodejs,官网教程,https://www.hyperplasma.top/article/2788/,JavaScript
Nodejs,官网教程,https://www.hyperplasma.top/article/10290/,TypeScript
Nodejs,官网教程,https://www.hyperplasma.top/article/10260/,Vue3
Nodejs,官网教程,https://www.hyperplasma.top/article/10451/,React
Nodejs,官网教程,https://www.hyperplasma.top/article/10597/,Tailwind CSS
数据库,官网教程,https://www.hyperplasma.top/article/1288/,MySQL
数据库,官网教程,https://www.hyperplasma.top/article/3314/,MongoDB
数据库,官网教程,https://www.hyperplasma.top/article/3472/,Neo4j
数据库,官网教程,https://www.hyperplasma.top/article/8569/,Redis
软硬件指南,官网教程,https://www.hyperplasma.top/article/10367/,NGINX
软硬件指南,官网教程,https://www.hyperplasma.top/article/1397/,Git
软硬件指南,官网教程,https://www.hyperplasma.top/article/8315/,JetBrain
软硬件指南,官网教程,https://www.hyperplasma.top/article/8709/,Docker
软硬件指南,官网教程,https://www.hyperplasma.top/article/109/,macOS终端
软硬件指南,官网教程,https://www.hyperplasma.top/article/2747/,Karabiner
软硬件指南,官网教程,https://www.hyperplasma.top/article/12350/,WFDownloader
软硬件指南,官网教程,https://www.hyperplasma.top/article/10558/,Markdown
软硬件指南,官网教程,https://www.hyperplasma.top/article/9507/,Mermaid
软硬件指南,官网教程,https://www.hyperplasma.top/article/94/,Regex
软硬件指南,官网教程,https://www.hyperplasma.top/article/10563/,YAML
Python数据分析,官网教程,https://www.hyperplasma.top/article/1465/,Pillow
Python数据分析,官网教程,https://www.hyperplasma.top/article/1426/,NumPy
Python数据分析,官网教程,https://www.hyperplasma.top/article/1431/,Pandas
Python数据分析,官网教程,https://www.hyperplasma.top/article/1434/,Matplotlib
Python数据分析,官网教程,https://www.hyperplasma.top/article/2487/,SciPy
Python数据分析,官网教程,https://www.hyperplasma.top/article/2885/,seedir
Python数据分析,官网教程,https://www.hyperplasma.top/article/11315/,tqdm
深度学习,官网教程,https://www.hyperplasma.top/article/2236/,PyTorch
深度学习,官网教程,https://www.hyperplasma.top/article/2093/,PyTorch Hub
深度学习,官网教程,https://www.hyperplasma.top/article/12720/,LangChain
深度学习,推荐资源,https://www.hyperplasma.top/article/12766/,时序预测
系统架构设计,架构考试强化篇,https://www.hyperplasma.top/article/11840/,系统架构设计强化教程（1）：计算题
系统架构设计,架构考试强化篇,https://www.hyperplasma.top/article/10417/,系统架构设计强化教程（2）：案例分析
系统架构设计,架构考试强化篇,https://www.hyperplasma.top/article/10813/,系统架构设计案例分析历年真题全解（2009~2024）
系统架构设计,架构考试强化篇,https://www.hyperplasma.top/article/11022/,系统架构设计论文写作指导&范文
系统架构设计,计算机公共基础知识教程,https://www.hyperplasma.top/article/5506/,计算机公共基础知识（1）：计算机系统基础、性能设计、嵌入式
系统架构设计,计算机公共基础知识教程,https://www.hyperplasma.top/article/5173/,计算机公共基础知识（2）：操作系统
系统架构设计,计算机公共基础知识教程,https://www.hyperplasma.top/article/5194/,计算机公共基础知识（3）：计算机网络
系统架构设计,计算机公共基础知识教程,https://www.hyperplasma.top/article/5508/,计算机公共基础知识（4）：数据库系统
系统架构设计,计算机公共基础知识教程,https://www.hyperplasma.top/article/5512/,计算机公共基础知识（5）：知识产权与标准化
系统架构设计,计算机公共基础知识教程,https://www.hyperplasma.top/article/5510/,计算机公共基础知识（6）：数学与经济管理
系统架构设计,系统架构核心知识教程,https://www.hyperplasma.top/article/5042/,系统架构核心知识（1）：系统工程与信息系统基础
系统架构设计,系统架构核心知识教程,https://www.hyperplasma.top/article/5074/,系统架构核心知识（2）：软件工程
系统架构设计,系统架构核心知识教程,https://www.hyperplasma.top/article/5496/,系统架构核心知识（3）：软件架构设计
系统架构设计,系统架构核心知识教程,https://www.hyperplasma.top/article/5150/,系统架构核心知识（4）：系统可靠性分析与设计
系统架构设计,系统架构核心知识教程,https://www.hyperplasma.top/article/5502/,系统架构核心知识（5）：系统安全性与保密性设计
系统架构设计,架构设计实践知识教程,https://www.hyperplasma.top/article/7564/,系统架构设计理论与实践（1）：大型网站系统架构演化
系统架构设计,架构设计实践知识教程,https://www.hyperplasma.top/article/10902/,系统架构设计理论与实践（2）：信息系统架构
系统架构设计,架构设计实践知识教程,https://www.hyperplasma.top/article/7624/,系统架构设计理论与实践（3）：层次式架构
系统架构设计,架构设计实践知识教程,https://www.hyperplasma.top/article/7622/,系统架构设计理论与实践（4）：云原生架构
系统架构设计,架构设计实践知识教程,https://www.hyperplasma.top/article/7606/,系统架构设计理论与实践（5）：面向服务架构
系统架构设计,架构设计实践知识教程,https://www.hyperplasma.top/article/7634/,系统架构设计理论与实践（6）：通信系统架构
系统架构设计,架构设计实践知识教程,https://www.hyperplasma.top/article/5504/,系统架构设计理论与实践（7）：安全架构
系统架构设计,架构设计实践知识教程,https://www.hyperplasma.top/article/7632/,系统架构设计理论与实践（8）：大数据架构